Nome:,Cognome:,Codice Fiscale:,Indirizzo Fisico:,Indirizzo Email:,UserdId:,Password:
Mariano,Librici,LBRSVT02R03A494B,Via Roma 21,marianolibrici@gmail.com,mariano,mariano02
Davide,Buggin,VQWFWG43D06D676Z,Via Lodula 31,davidebuggin@gmail.com,davide,buggin
Admin,Admin,CWMZXZ58H03G598E,Via Milano 1,admin@gmail.com,admin,admin
Emanuele,Buggin,CWMZXZ58H03G598E,Via Lodula 31,emanuelebuggin@gmail.com,ema,emanuele2002
Marco,Rossi,MRCRSS66C04A001T,Via mazzini 45,marcorss@gmail.com,Marco05,Password3
Paolo,Rossi,PLARSS66C04A001U,via manzoni 21,paoloross@gmail.com,PaoloCalcio21,Password3
Luca,Verdi,LCUVRD66C04A001M,via XV Aprile 3,lucverz@gmail.com,JuveLuca10,Password3
